{
  "C": {
    "AtomicNumber": 6,
    "Orbital": [
      {
        "AngularMomentum": 0,
        "Occupation": 2.0,
        "Cutoff": 5.0,
        "Exponents": [
          [
            0.5,
            1.14,
            2.62
          ],
          [
            6.0
          ]
        ],
        "Coefficients": [
          [
            -0.517102094489226,
            0.06772978377285267,
            -0.002225185536875553
          ],
          [
            13.08414382728228,
            -5.2126154912928,
            0.7538020135335768
          ],
          [
            -12.15106182192442,
            -9.329079621361597,
            -0.01975265585816972
          ],
          [
            -7.500816025437519,
            -4.778880048634596,
            -6.236570440624024
          ]
        ]
      },
      {
        "AngularMomentum": 1,
        "Occupation": 2.0,
        "Cutoff": 5.0,
        "Exponents": [
          [
            0.5,
            1.14,
            2.62
          ],
          [
            6.0
          ]
        ],
        "Coefficients": [
          [
            -0.02302109597678681,
            0.002865646323386214,
            -8.868478753941372e-05
          ],
          [
            0.3228962613609363,
            -0.1994802219702956,
            0.03517579054623712
          ],
          [
            13.28535516466849,
            -7.908016355674699,
            6.945281859229465
          ],
          [
            -5.87646062812963,
            -12.46793402820684,
            -20.19417827095992
          ]
        ]
      }
    ],
    "Orbital.attrib": [
      null,
      null
    ]
  },
  "H": {
    "AtomicNumber": 1,
    "Orbital": {
      "AngularMomentum": 0,
      "Occupation": 1.0,
      "Cutoff": 5.0,
      "Exponents": [
        0.5,
        1.0,
        2.0
      ],
      "Coefficients": [
        [
          -2.27652291205149,
          0.2664108397474858,
          -0.007942755546247729
        ],
        [
          17.45371696359416,
          -5.422975232649653,
          0.9637093092960014
        ],
        [
          -12.70145614206494,
          -6.556879779939966,
          -0.8530702372244311
        ]
      ]
    }
  },
  "N": {
    "AtomicNumber": 7,
    "Orbital": [
      {
        "AngularMomentum": 0,
        "Occupation": 2.0,
        "Cutoff": 5.0,
        "Exponents": [
          [
            0.5,
            1.2,
            2.9
          ],
          [
            7.0
          ]
        ],
        "Coefficients": [
          [
            -0.3302673652699482,
            0.04629041646675232,
            -0.001617935992056631
          ],
          [
            8.365245578246205,
            -3.76053463474989,
            0.6021477299821294
          ],
          [
            -5.18028203465233,
            -6.849742144328496,
            4.936388422016012
          ],
          [
            -11.76678698853779,
            -13.78066583041803,
            -19.05428516219714
          ]
        ]
      },
      {
        "AngularMomentum": 1,
        "Occupation": 3.0,
        "Cutoff": 5.0,
        "Exponents": [
          [
            0.5,
            1.2,
            2.9
          ],
          [
            7.0
          ]
        ],
        "Coefficients": [
          [
            -0.007511933825615997,
            0.00101337900568095,
            -3.366816300490657e-05
          ],
          [
            -0.2488867178907921,
            0.02812616692014756,
            0.006919226501927157
          ],
          [
            18.05080445558547,
            -10.53028719724364,
            10.94621454102652
          ],
          [
            -5.960714863287606,
            -16.92977979619974,
            -34.89187618235422
          ]
        ]
      }
    ],
    "Orbital.attrib": [
      null,
      null
    ]
  },
  "O": {
    "AtomicNumber": 8,
    "Orbital": [
      {
        "AngularMomentum": 0,
        "Occupation": 2.0,
        "Cutoff": 5.0,
        "Exponents": [
          [
            0.5,
            1.26,
            3.17
          ],
          [
            8.0
          ]
        ],
        "Coefficients": [
          [
            -0.2301133435038266,
            0.03374702985031759,
            -0.001228701559802049
          ],
          [
            8.727580802678702,
            -4.018668088177248,
            0.6211909941896328
          ],
          [
            -8.848769010091614,
            1.211561999890876,
            -1.931805762909174
          ],
          [
            -10.24841117797506,
            -10.61632441253179,
            -20.60316912919835
          ]
        ]
      },
      {
        "AngularMomentum": 1,
        "Occupation": 4.0,
        "Cutoff": 5.0,
        "Exponents": [
          [
            0.5,
            1.26,
            3.17
          ],
          [
            8.0
          ]
        ],
        "Coefficients": [
          [
            -0.01823868195438163,
            0.002453397122544257,
            -8.136762952077966e-05
          ],
          [
            1.310260464640511,
            -0.5874977674162772,
            0.07892366279412216
          ],
          [
            18.14000735918953,
            -11.63781286679636,
            10.00753498782693
          ],
          [
            -2.931235902540697,
            -13.98616738354883,
            -41.79378447513941
          ]
        ]
      }
    ],
    "Orbital.attrib": [
      null,
      null
    ]
  },
  "S": {
    "AtomicNumber": 16,
    "Orbital": [
      {
        "AngularMomentum": 0,
        "Occupation": 2.0,
        "Cutoff": 5.0,
        "Exponents": [
          [
            0.5,
            1.19,
            2.83
          ],
          [
            6.73,
            16.0
          ]
        ],
        "Coefficients": [
          [
            -0.1250701132798415,
            0.01569941782928226,
            -0.0004922792623137838
          ],
          [
            15.14080135814959,
            -5.187065068049195,
            0.5339960887608084
          ],
          [
            -37.52314959249966,
            7.651357521915632,
            -13.77408595039518
          ],
          [
            35.95334122867643,
            -30.87995606645574,
            113.8084247295451
          ],
          [
            -2.138859833347834,
            -33.44782026176386,
            -73.85869554591947
          ]
        ]
      },
      {
        "AngularMomentum": 1,
        "Occupation": 4.0,
        "Cutoff": 5.0,
        "Exponents": [
          [
            0.5,
            1.19,
            2.83
          ],
          [
            6.73,
            16.0
          ]
        ],
        "Coefficients": [
          [
            -0.0432228174785311,
            0.005274684721140831,
            -0.0001600350064497256
          ],
          [
            6.072642471685404,
            -2.068519058957,
            0.2083762949552388
          ],
          [
            -13.61364447539987,
            7.457277251257279,
            -5.016843832886238
          ],
          [
            -26.89713626973008,
            15.81465980090115,
            5.511310114567994
          ],
          [
            -5.963096982776858,
            -7.719604130655856,
            52.83090420617405
          ]
        ]
      },
      {
        "AngularMomentum": 2,
        "Occupation": 0.0,
        "Cutoff": 5.0,
        "Exponents": [
          [
            0.5,
            1.19,
            2.83
          ],
          [
            6.73,
            16.0
          ]
        ],